Total, Raycast, Update_cache, Inflation, PointCloudNumber, CacheNumber, InflationNumber
0.00817253, 0.000887837, 0.00728303, 0.000367882, 2763, 5064, 11685
0.00244354, 0.000433489, 0.00200893, 0.000122798, 2696, 5080, 8733
0.00181778, 0.000351635, 0.00146501, 0.000107273, 2703, 5007, 7626
0.00158829, 0.000340462, 0.00124632, 0.000102742, 2663, 5015, 7257
0.00105869, 0.000344666, 0.000713597, 8.3472e-05, 2651, 4987, 6273
0.00137001, 0.00065465, 0.000714875, 6.5962e-05, 2687, 4901, 3690
0.0013582, 0.000351433, 0.0010053, 6.794e-05, 2720, 4988, 4797
0.00125133, 0.000678794, 0.000571351, 6.2147e-05, 2685, 4954, 3813
0.00116774, 0.000597231, 0.000569384, 6.1915e-05, 2771, 4998, 3567
0.00118273, 0.000734297, 0.000445861, 4.5492e-05, 2747, 4903, 2460
0.0011873, 0.000723737, 0.00046203, 6.3287e-05, 2763, 5089, 3321
0.00117772, 0.000716741, 0.000459416, 4.5452e-05, 2755, 4991, 2460
0.00130067, 0.000748409, 0.00055059, 4.5583e-05, 2800, 5028, 2214
0.00121829, 0.000795948, 0.00042119, 3.167e-05, 2789, 5123, 1476
0.000957328, 0.000654573, 0.000301037, 3.7123e-05, 2765, 4901, 2091
0.00153509, 0.00111731, 0.000416173, 3.7117e-05, 2792, 5103, 2091
0.000946564, 0.000586666, 0.0003584, 3.0365e-05, 2726, 5027, 1599
0.000994831, 0.000339079, 0.000653875, 3.8034e-05, 2642, 4829, 2091
0.00158331, 0.00087006, 0.000711558, 0.000106551, 2679, 4732, 3198
0.00090904, 0.000543002, 0.00036511, 3.6157e-05, 2576, 4741, 2460
0.000964187, 0.000600845, 0.000362095, 4.9296e-05, 2606, 4675, 2091
0.00102846, 0.000641194, 0.000385738, 4.087e-05, 2665, 5033, 1845
0.00095579, 0.000574784, 0.000379698, 3.3302e-05, 2609, 4931, 1722
0.00118825, 0.000666666, 0.000520206, 3.8262e-05, 2592, 4981, 984
0.000971392, 0.000353686, 0.000616786, 2.9257e-05, 2582, 5055, 1476
0.00111254, 0.000419072, 0.00069247, 4.421e-05, 2462, 4661, 1230
0.000941906, 0.000590427, 0.000350161, 2.0914e-05, 2493, 4843, 984
0.000931947, 0.000624347, 0.00030664, 1.2586e-05, 2529, 4823, 492
0.00110855, 0.000659957, 0.00044753, 2.7079e-05, 2523, 4967, 861
0.0010421, 0.000670794, 0.000370418, 1.7668e-05, 2590, 4990, 984
0.000994176, 0.000571478, 0.000421359, 1.3933e-05, 2662, 5202, 738
0.00117163, 0.000710229, 0.000460095, 1.1567e-05, 2774, 5506, 492
0.00102968, 0.000651666, 0.00037694, 1.2266e-05, 2755, 5316, 492
0.00104351, 0.00069226, 0.00035044, 1.1128e-05, 2764, 5352, 492
0.000945603, 0.000350053, 0.000594551, 1.9243e-05, 2691, 5278, 861
0.000926259, 0.000635418, 0.000289222, 1.3219e-05, 2712, 5226, 615
0.000993993, 0.000348984, 0.000644001, 1.4807e-05, 2698, 5140, 738
0.00102455, 0.000660327, 0.000362992, 2.4879e-05, 2678, 5085, 1107
0.00125261, 0.000558431, 0.000692921, 3.545e-05, 2689, 5120, 1107
0.00109132, 0.000713504, 0.000376731, 3.2042e-05, 2622, 4961, 1722
0.00102515, 0.000646239, 0.000377321, 3.2274e-05, 2729, 5158, 1599
0.000954526, 0.000617213, 0.000336293, 1.8976e-05, 2671, 4923, 984
0.00135083, 0.000457444, 0.000891148, 4.8479e-05, 2722, 5103, 984
0.00104926, 0.000684889, 0.000363024, 1.8791e-05, 2687, 5052, 861
0.00125446, 0.000750673, 0.000502507, 3.508e-06, 2710, 5340, 123
0.00116324, 0.000679372, 0.000482678, 1.4322e-05, 2759, 5527, 738
0.00131231, 0.000734232, 0.000576897, 3.0243e-05, 2835, 5629, 1230
0.00222769, 0.00124426, 0.000981608, 4.7793e-05, 2821, 5574, 1353
0.00113211, 0.000643451, 0.000487816, 1.0453e-05, 2921, 5817, 492
0.00108812, 0.000390208, 0.000697012, 1.1164e-05, 2923, 5711, 492
0.0011523, 0.000386661, 0.000764595, 4.053e-05, 2891, 5703, 2091
0.00105008, 0.000378225, 0.000670727, 2.4948e-05, 2860, 5583, 1230
0.00105126, 0.00037034, 0.000679982, 1.3763e-05, 2814, 5475, 738
0.00121795, 0.000388404, 0.000828134, 3.2599e-05, 2800, 5183, 1722
0.00106962, 0.000355464, 0.000712738, 3.3001e-05, 2775, 5216, 1599
0.0010398, 0.000357933, 0.000680748, 2.0645e-05, 2768, 5057, 984
0.00134197, 0.00050331, 0.000836191, 3.485e-05, 2769, 5039, 861
0.00143715, 0.000450606, 0.000983928, 8.4556e-05, 2917, 5201, 2337
0.00108258, 0.000381726, 0.000699862, 3.0758e-05, 2915, 5334, 1476
0.00120834, 0.000697042, 0.000510539, 2.1034e-05, 2928, 5346, 1107
0.00125143, 0.000720666, 0.000529332, 2.1542e-05, 2924, 5373, 861
0.00122597, 0.00067207, 0.000552825, 3.677e-05, 3001, 5496, 1968
0.00126108, 0.000665002, 0.000594473, 3.7928e-05, 3056, 5720, 2337
0.00113039, 0.000703203, 0.000425825, 1.8088e-05, 3041, 5466, 984
0.00114092, 0.000687272, 0.000451852, 3.2116e-05, 2956, 5278, 1476
0.00108997, 0.000661004, 0.000427975, 2.8948e-05, 2938, 5311, 1476
0.00096435, 0.000505933, 0.000457467, 3.2724e-05, 2613, 4345, 1845
0.00179448, 0.000596882, 0.00119653, 7.326e-05, 2567, 4452, 4182
0.00151473, 0.000319955, 0.0011943, 7.3967e-05, 2578, 4248, 3444
0.00132077, 0.000621506, 0.000698637, 4.9697e-05, 2607, 4494, 3075
0.00159235, 0.000806285, 0.00078549, 7.4389e-05, 2683, 4560, 4305
0.00133435, 0.00071375, 0.000619886, 6.0586e-05, 2633, 4681, 3690
0.00124965, 0.000592318, 0.000656885, 7.539e-05, 2667, 4770, 4428
0.00131536, 0.000631109, 0.000683472, 5.3883e-05, 2650, 4684, 2952
0.00122721, 0.00060024, 0.000626007, 4.8311e-05, 2697, 4779, 2829
0.00115919, 0.000614754, 0.000543965, 7.397e-05, 2704, 4675, 3444
0.00117169, 0.000664497, 0.000506685, 4.7224e-05, 2710, 4747, 2952
0.00115995, 0.00067235, 0.00048704, 6.1236e-05, 2628, 4512, 3444
0.00110619, 0.000605108, 0.000500665, 4.0375e-05, 2482, 4389, 2337
0.00109174, 0.000603938, 0.000487359, 4.7621e-05, 2556, 4289, 2829
0.00104616, 0.000612571, 0.000432857, 5.0677e-05, 2512, 4376, 2829
0.00112959, 0.000643513, 0.000485319, 4.446e-05, 2576, 4618, 2460
0.00119571, 0.000670655, 0.000524585, 4.1158e-05, 2680, 4754, 2091
0.00127367, 0.000672706, 0.000600226, 3.5425e-05, 2699, 4763, 1722
0.00132042, 0.000742134, 0.000577477, 4.9981e-05, 2738, 4937, 2583
0.00123164, 0.000755059, 0.000475925, 4.4927e-05, 2721, 4905, 2214
0.00120953, 0.000692404, 0.000516412, 5.4764e-05, 2692, 4765, 2829
0.00116599, 0.000655088, 0.0005103, 4.4508e-05, 2646, 4980, 2214
0.00103284, 0.000608125, 0.000424137, 3.697e-05, 2491, 4502, 1722
0.00134882, 0.000771373, 0.000576608, 8.053e-05, 2395, 4306, 3321
0.00144548, 0.00078461, 0.000660183, 8.4281e-05, 2441, 4002, 2706
0.0011446, 0.000628456, 0.000515676, 4.4435e-05, 2534, 4257, 2337
0.00116168, 0.000652119, 0.000508902, 3.3717e-05, 2499, 4193, 1353
0.00145156, 0.000714982, 0.000735373, 8.0074e-05, 2518, 4546, 3690
0.00117998, 0.000648757, 0.000530684, 6.1373e-05, 2496, 4428, 2583
0.00120386, 0.000640543, 0.000562451, 7.0685e-05, 2633, 4409, 3813
0.0011549, 0.00069183, 0.000462477, 5.092e-05, 2630, 4534, 2460
0.00121267, 0.000703296, 0.000508362, 5.347e-05, 2674, 4569, 2706
0.00112769, 0.000674275, 0.000452822, 5.0454e-05, 2663, 4834, 2829
0.00110634, 0.000622091, 0.000483822, 5.5004e-05, 2616, 4376, 2706
0.00111035, 0.000593683, 0.000516172, 4.5721e-05, 2593, 4017, 2583
0.0011601, 0.000613955, 0.000545291, 5.6837e-05, 2541, 3896, 2706
0.00119925, 0.000637121, 0.000561532, 6.4563e-05, 2524, 3977, 3444
0.00114294, 0.000628765, 0.000513281, 5.9659e-05, 2539, 3808, 3321
0.00159536, 0.000704063, 0.000890043, 9.9521e-05, 2603, 4456, 2952
0.00157228, 0.000778482, 0.000792931, 9.7922e-05, 2594, 4386, 3444
0.00137282, 0.000508688, 0.000863177, 6.0418e-05, 2622, 4416, 3321
0.00114752, 0.000638041, 0.000509018, 4.5077e-05, 2743, 4658, 2337
0.00116635, 0.000619059, 0.000546754, 4.9699e-05, 2692, 4600, 2460
0.00117425, 0.000624172, 0.000549437, 6.6039e-05, 2713, 4519, 2829
0.00111247, 0.000320287, 0.000791626, 5.9335e-05, 2610, 4655, 3321
0.00106684, 0.000320717, 0.000745752, 6.2658e-05, 2585, 4057, 3444
0.000983808, 0.000300392, 0.000682725, 7.5637e-05, 2540, 3982, 4551
0.00113468, 0.000290955, 0.000843225, 4.2658e-05, 2473, 3877, 2337
0.00156181, 0.000815754, 0.000745412, 7.6776e-05, 2459, 4061, 2706
0.00126951, 0.00064774, 0.00062119, 5.8184e-05, 2455, 4045, 3075
0.00118585, 0.000645698, 0.000539589, 6.3658e-05, 2499, 4240, 3567
0.00110925, 0.000655105, 0.000453336, 5.8353e-05, 2442, 3897, 3321
0.00125154, 0.000688917, 0.000562014, 8.2787e-05, 2556, 4232, 4428
0.00127571, 0.000706202, 0.000568498, 6.0109e-05, 2655, 4493, 3075
0.00140275, 0.000700648, 0.000701408, 6.9589e-05, 2571, 4169, 2337
0.00188034, 0.00112456, 0.000754762, 8.5322e-05, 2550, 4157, 2706
0.00123247, 0.000706102, 0.000525814, 6.7266e-05, 2578, 4361, 2829
0.0012635, 0.000693322, 0.000569599, 6.8237e-05, 2509, 4177, 2829
0.00126186, 0.000316812, 0.000944618, 5.5076e-05, 2588, 4195, 2706
0.00106535, 0.000292841, 0.000771936, 4.5748e-05, 1866, 3426, 1845
0.00124242, 0.000702118, 0.000538954, 8.8645e-05, 2983, 3905, 4551
0.00100199, 0.000274246, 0.000727249, 4.5488e-05, 1979, 3629, 2091
0.00134983, 0.00062349, 0.000725101, 7.1157e-05, 2713, 4132, 3075
0.00106995, 0.000337983, 0.000731407, 6.4439e-05, 2333, 3927, 2583
0.00119598, 0.000699648, 0.000495415, 4.456e-05, 2415, 4184, 2091
0.00117319, 0.000328675, 0.000843937, 6.6643e-05, 2483, 4088, 3690
0.00099202, 0.000315574, 0.000675756, 5.2408e-05, 2480, 3920, 2952
0.00149714, 0.000294074, 0.00120222, 6.2494e-05, 2182, 3919, 2091
0.00126041, 0.000651985, 0.000607725, 5.9459e-05, 2842, 4547, 3198
0.00114932, 0.000627563, 0.000520968, 4.8132e-05, 2447, 4177, 2091
0.00122896, 0.0006578, 0.000570342, 5.3004e-05, 2449, 4232, 2829
0.00112685, 0.000619276, 0.000507035, 4.9466e-05, 2370, 3973, 2460
0.00107491, 0.000616723, 0.0004576, 4.0961e-05, 2349, 3811, 1968
0.00124357, 0.000351328, 0.000891717, 5.3592e-05, 2324, 3857, 2214
0.00120508, 0.000729311, 0.000474996, 4.5666e-05, 2331, 3938, 2214
0.00108227, 0.000630436, 0.000451304, 3.8555e-05, 2387, 4075, 2091
0.00110258, 0.000620767, 0.000481083, 4.3982e-05, 2365, 4074, 2214
0.00120578, 0.000683988, 0.000521081, 5.479e-05, 2322, 4098, 2460
0.00119684, 0.000670685, 0.000525666, 4.5895e-05, 2457, 4177, 2337
0.00163632, 0.000861618, 0.000773815, 7.2449e-05, 2386, 4196, 2091
0.00138817, 0.000777398, 0.000609977, 7.1293e-05, 2491, 4306, 2952
0.00139143, 0.000868936, 0.000520721, 3.8516e-05, 2552, 4668, 1353
0.00130006, 0.000849435, 0.000450098, 4.7197e-05, 2485, 4256, 2706
0.00107365, 0.000641733, 0.000431349, 7.0082e-05, 2398, 4097, 3444
0.00119651, 0.000686789, 0.000508998, 5.4844e-05, 2324, 3972, 2706
0.00107312, 0.000646188, 0.000426274, 3.5385e-05, 2361, 3906, 1845
0.00131566, 0.000814889, 0.000500279, 3.7902e-05, 2371, 4053, 2091
0.00120693, 0.000714267, 0.000492071, 4.2405e-05, 2400, 4303, 1968
0.00138299, 0.000786591, 0.000595777, 3.5536e-05, 2414, 4229, 1845
0.00157074, 0.000803557, 0.000765689, 0.000107859, 2454, 4260, 2214
0.00145305, 0.000326983, 0.00112554, 6.2624e-05, 2491, 4436, 3198
0.00125567, 0.000778803, 0.000476034, 4.9038e-05, 2520, 4318, 2460
0.00109546, 0.000324707, 0.000770221, 5.5901e-05, 2488, 4411, 2706
0.00105895, 0.000586095, 0.000472303, 6.1011e-05, 2541, 4404, 3321
0.00133372, 0.000445275, 0.000887847, 0.000139444, 2456, 4278, 4059
0.00112941, 0.000345418, 0.000783206, 7.5581e-05, 2330, 3840, 3321
0.00132822, 0.000676882, 0.000650764, 8.7691e-05, 2286, 3910, 2706
0.00128134, 0.000589869, 0.000690847, 6.5008e-05, 2370, 4139, 3444
0.00124156, 0.000653577, 0.000587386, 8.6593e-05, 2488, 4442, 3813
0.00129149, 0.000738598, 0.000551398, 6.4775e-05, 2422, 4049, 3198
0.00140157, 0.000824129, 0.000576064, 6.5349e-05, 2437, 4364, 3444
0.00120021, 0.000692409, 0.000506781, 5.3941e-05, 2395, 4260, 2829
0.00108273, 0.00031621, 0.000765559, 3.6728e-05, 2234, 4023, 1968
0.00143398, 0.000774099, 0.000658691, 5.3087e-05, 2623, 4556, 1845
0.00186247, 0.000910791, 0.000948252, 9.0922e-05, 2554, 4676, 3198
0.00112789, 0.000634974, 0.000491866, 4.9485e-05, 2570, 4459, 2091
0.00102932, 0.00057715, 0.000451712, 5.5904e-05, 2482, 3967, 2952
0.00110331, 0.000606053, 0.000496591, 4.494e-05, 2499, 4221, 2460
0.00107881, 0.000571144, 0.000507063, 4.0817e-05, 2408, 4156, 2214
0.00116676, 0.000617435, 0.000548329, 4.9226e-05, 2440, 4370, 2583
0.00104035, 0.000598865, 0.000440829, 4.7203e-05, 2385, 4176, 2706
0.00102792, 0.000544105, 0.000483234, 3.2478e-05, 2415, 4241, 1599
0.00103122, 0.000542162, 0.00048864, 3.7472e-05, 2423, 4371, 1968
0.00116651, 0.000682133, 0.000483635, 4.2939e-05, 2526, 4565, 1845
0.00109807, 0.000625938, 0.000471561, 2.719e-05, 2606, 4681, 1230
0.00112545, 0.000582578, 0.000542142, 3.5722e-05, 2573, 4534, 1968
0.00120726, 0.000690242, 0.000516212, 5.8606e-05, 2520, 4438, 2829
0.00107999, 0.00061082, 0.000468567, 5.9107e-05, 2532, 4529, 2829
0.00107007, 0.000624546, 0.00044486, 5.414e-05, 2504, 4395, 3075
0.00106025, 0.00063698, 0.000422564, 3.3889e-05, 2371, 4214, 1722
0.00103244, 0.00029611, 0.000735794, 3.5072e-05, 2355, 3987, 1845
0.00108801, 0.000297672, 0.000789722, 5.2061e-05, 2321, 3990, 2337
0.00107689, 0.000577391, 0.000498789, 6.3374e-05, 2369, 4046, 3198
0.00104457, 0.00031374, 0.000730402, 4.5994e-05, 2401, 4179, 2214
0.0010184, 0.00059267, 0.000424891, 5.2343e-05, 2495, 4006, 2829
0.00101702, 0.000329348, 0.000687121, 3.6613e-05, 2448, 4094, 1845
0.00106853, 0.000323532, 0.000744518, 5.89e-05, 2485, 4276, 2952
0.0013588, 0.000765994, 0.000592078, 6.8705e-05, 2615, 4436, 3198
0.00119396, 0.000353137, 0.000840342, 5.4704e-05, 2646, 4685, 2829
0.00112137, 0.000648615, 0.000472187, 6.7617e-05, 2676, 4539, 2829
0.00110648, 0.000619011, 0.000486684, 4.7618e-05, 2690, 4502, 2583
0.00100331, 0.000576787, 0.000425875, 6.2959e-05, 2548, 4189, 3444
0.000916939, 0.000495619, 0.000420228, 6.3289e-05, 2174, 3484, 3690
0.00115153, 0.000623183, 0.000527627, 5.7299e-05, 2690, 4440, 3075
0.00112871, 0.000652999, 0.000474734, 5.5408e-05, 2412, 3803, 2706
0.0010666, 0.000577558, 0.00048824, 4.5715e-05, 2439, 3820, 2337
0.00128815, 0.000740815, 0.000546601, 7.5392e-05, 2420, 3869, 2952
0.00100913, 0.000589993, 0.000418506, 5.1593e-05, 2482, 3898, 2829
0.00113164, 0.000606142, 0.000524824, 7.5924e-05, 2537, 3942, 3813
0.00119826, 0.000609527, 0.000587991, 5.7031e-05, 2555, 4274, 2583
0.00112863, 0.000585257, 0.000542566, 5.2922e-05, 2487, 4297, 2829
0.000784758, 0.000317342, 0.000466936, 5.5136e-05, 2554, 4213, 3075
0.000780003, 0.000303285, 0.000476248, 8.6935e-05, 2488, 3996, 4920
0.000750926, 0.000306017, 0.000444508, 4.8772e-05, 2431, 4022, 2706
0.000786951, 0.000305147, 0.000480974, 5.2248e-05, 2395, 4023, 2829
0.000799247, 0.000305547, 0.000493188, 5.939e-05, 2420, 3917, 3321
0.00077843, 0.000305527, 0.000472193, 4.8249e-05, 2408, 3922, 2706
0.000734886, 0.000310333, 0.000423953, 4.5155e-05, 2426, 4117, 2583
0.000740084, 0.00030727, 0.000432253, 3.9771e-05, 2418, 4214, 2091
0.000765425, 0.00032422, 0.000440733, 5.7512e-05, 2438, 4252, 3321
0.000873538, 0.000382072, 0.000490896, 5.2846e-05, 2676, 4413, 3075
0.000829211, 0.00033488, 0.00049383, 5.3737e-05, 2684, 4533, 3075
0.000876891, 0.000346946, 0.000529195, 5.8772e-05, 2716, 4682, 3198
0.000916872, 0.000409865, 0.000506326, 4.5787e-05, 2716, 4682, 2583
0.000821782, 0.000354435, 0.000466956, 4.3917e-05, 2694, 4507, 2214
0.000869022, 0.000341659, 0.000526682, 6.2458e-05, 2605, 4577, 3813
0.000754708, 0.000304362, 0.000449805, 3.6514e-05, 2471, 3993, 1968
0.000856606, 0.000323887, 0.000531938, 8.3524e-05, 2486, 4194, 4428
0.000794908, 0.000311091, 0.000483377, 5.4246e-05, 2369, 4239, 2829
0.000822453, 0.0003424, 0.000479172, 4.6727e-05, 2394, 4206, 2337
0.000835199, 0.000327502, 0.000507267, 5.8865e-05, 2511, 4401, 3321
0.00099602, 0.000400722, 0.000594658, 6.3971e-05, 2568, 4704, 2460
0.00115632, 0.000535653, 0.000618659, 6.7232e-05, 2701, 4798, 2460
0.000978869, 0.000409292, 0.000568885, 7.0171e-05, 2654, 4714, 3567
0.000949551, 0.000407459, 0.00054151, 7.4374e-05, 2681, 4730, 3198
0.000923127, 0.000421638, 0.000501029, 5.3699e-05, 2646, 4732, 3075
0.000876428, 0.000398238, 0.000477489, 6.6213e-05, 2686, 4567, 3567
0.000980531, 0.000491487, 0.000488283, 6.5583e-05, 2590, 4167, 3321
0.000871021, 0.000356885, 0.000513524, 7.832e-05, 2584, 4282, 3936
0.000886471, 0.000347353, 0.000538687, 6.9587e-05, 2513, 4395, 2952
0.000798157, 0.00035303, 0.000444677, 6.0979e-05, 2528, 4262, 3075
0.0010695, 0.000452825, 0.000615335, 6.7728e-05, 2588, 4234, 3075
0.000895927, 0.000419302, 0.000476145, 3.6598e-05, 2563, 4406, 1722
0.00091278, 0.000393068, 0.000519011, 6.4118e-05, 2585, 4376, 2829
0.000969994, 0.000378949, 0.000590583, 6.4004e-05, 2650, 4612, 2829
0.000909465, 0.000380612, 0.000528233, 6.8216e-05, 2629, 4417, 2337
0.000870465, 0.000329986, 0.000539887, 7.6229e-05, 2568, 4359, 3198
0.000852622, 0.000323378, 0.000528663, 9.6412e-05, 2532, 4107, 3690
0.000930473, 0.000335493, 0.000594489, 7.0925e-05, 2570, 4235, 3444
0.000784093, 0.00031715, 0.000466503, 5.1258e-05, 2624, 4195, 2952
0.000822844, 0.000314917, 0.000507295, 5.1566e-05, 2549, 4291, 2952
0.000883504, 0.000394155, 0.000488739, 6.4369e-05, 2622, 4264, 3567
0.000833049, 0.000360942, 0.000471386, 4.5809e-05, 2485, 4181, 2460
0.000769476, 0.000322472, 0.000446564, 5.9432e-05, 2522, 4227, 3567
0.000917629, 0.000394766, 0.000522313, 5.6504e-05, 2608, 4403, 2952
0.000859313, 0.00033693, 0.000521571, 5.9569e-05, 2627, 4361, 3690
0.000808787, 0.000316684, 0.000491402, 4.0884e-05, 2513, 4241, 2214
0.000867935, 0.000326576, 0.000540917, 8.2218e-05, 2605, 4438, 4551
0.000881032, 0.000338632, 0.000541658, 5.2099e-05, 2635, 4586, 2583
0.000881542, 0.000349737, 0.000531395, 6.5175e-05, 2651, 4592, 3567
0.000821204, 0.000332434, 0.000488118, 7.4148e-05, 2580, 4323, 4428
0.000824939, 0.000320914, 0.000503675, 6.056e-05, 2515, 4109, 3567
0.000708516, 0.00031077, 0.000396913, 4.7874e-05, 2447, 3746, 2952
0.000861147, 0.000355019, 0.000505397, 7.1403e-05, 2515, 4237, 4182
0.0010165, 0.000399988, 0.000615953, 8.1511e-05, 2505, 4316, 4551
0.000821164, 0.000329475, 0.000491289, 5.8717e-05, 2518, 4348, 3321
0.000811591, 0.000343844, 0.000467227, 4.0062e-05, 2536, 4257, 1968
0.000890125, 0.000352935, 0.000536699, 6.7761e-05, 2675, 4536, 3813
0.00103934, 0.000413135, 0.000625395, 5.5154e-05, 2737, 4702, 2337
0.00230209, 0.000908689, 0.00139148, 0.000142709, 2715, 4741, 3444
0.000829095, 0.000342702, 0.000486031, 5.6986e-05, 2653, 4373, 3075
0.000833179, 0.000324752, 0.000507886, 7.3009e-05, 2637, 4402, 4305
0.000712338, 0.00030779, 0.000404188, 5.4884e-05, 2495, 3864, 3198
0.000848129, 0.000338671, 0.000508657, 6.1531e-05, 2454, 3899, 3567
0.00100763, 0.000404829, 0.000602081, 8.5243e-05, 2385, 3870, 3936
0.000807836, 0.000316241, 0.000491134, 6.8412e-05, 2464, 4164, 4059
0.000802558, 0.000351057, 0.000451071, 6.1063e-05, 2371, 3947, 3567
0.00101935, 0.000383361, 0.000634895, 6.1393e-05, 2371, 4272, 3198
0.000825238, 0.000365857, 0.000458561, 5.9047e-05, 2406, 4102, 3321
0.000881223, 0.000385012, 0.000495609, 5.4654e-05, 2469, 4379, 2829
0.000761494, 0.000322309, 0.000438604, 7.7972e-05, 2556, 4370, 4797
0.000788508, 0.000363297, 0.000424469, 4.8635e-05, 2524, 4196, 2583
0.000658674, 0.000294204, 0.000363958, 4.0954e-05, 2430, 3910, 2214
0.000695112, 0.000296798, 0.000397864, 5.4723e-05, 2370, 3911, 2829
0.000706347, 0.000321021, 0.000384606, 6.1693e-05, 2453, 4018, 3813
0.000719926, 0.000316345, 0.000403231, 5.6746e-05, 2467, 4000, 3567
0.000673703, 0.000311738, 0.000361555, 5.3913e-05, 2370, 3946, 3321
0.000672853, 0.000334108, 0.000338323, 4.0695e-05, 2332, 3927, 2214
0.000631927, 0.000305489, 0.000325597, 4.3819e-05, 2440, 4062, 2460
0.000704094, 0.000338724, 0.000364749, 4.1797e-05, 2427, 4154, 2337
0.000713747, 0.000331604, 0.000381651, 5.8805e-05, 2521, 4093, 2952
0.00138457, 0.000687417, 0.000696159, 8.366e-05, 2649, 4313, 2706
0.000711711, 0.000342462, 0.000368628, 5.857e-05, 2571, 3951, 2952
0.000793611, 0.000446002, 0.000346187, 4.9409e-05, 2661, 3891, 2829
0.000688379, 0.000367976, 0.000319472, 3.9292e-05, 2691, 4029, 1968
0.000693616, 0.000340449, 0.000352516, 4.2398e-05, 2581, 3674, 2091
0.000657458, 0.000327802, 0.000328924, 4.4012e-05, 2577, 3715, 2583
0.000591849, 0.000306204, 0.000285205, 4.4932e-05, 2531, 3399, 2583
0.00115531, 0.000493086, 0.000660802, 8.2823e-05, 2521, 3414, 1599
0.000633625, 0.000305162, 0.000327722, 3.4164e-05, 2441, 3275, 1353
0.000827827, 0.000424893, 0.000402193, 5.8979e-05, 2499, 3354, 1722
0.000549917, 0.000292857, 0.000256539, 4.0333e-05, 2496, 3306, 1845
0.000772658, 0.000313195, 0.000458582, 5.6084e-05, 2450, 3167, 1476
0.00075164, 0.000341904, 0.000408675, 4.5862e-05, 2550, 3146, 1599
0.000537439, 0.0002868, 0.000250079, 2.794e-05, 2573, 3200, 1353
0.000489445, 0.000278227, 0.000210696, 1.7863e-05, 2563, 2995, 738
0.000689195, 0.000359518, 0.000328226, 2.9808e-05, 2413, 2863, 861
0.000462388, 0.000273852, 0.000187835, 1.2677e-05, 2585, 2872, 492
0.000423815, 0.000244652, 0.000178432, 2.3312e-05, 2437, 2490, 1107
0.00039776, 0.000231164, 0.000165815, 2.9932e-05, 2523, 2440, 1353
0.000379916, 0.000235199, 0.000144246, 2.4793e-05, 2236, 1943, 1353
0.000462861, 0.000258623, 0.000203517, 2.207e-05, 2752, 2406, 1230
0.000471823, 0.000230705, 0.000240528, 2.5856e-05, 2496, 2401, 861
0.000415457, 0.000228472, 0.000186174, 2.7059e-05, 2533, 2343, 1230
0.000372818, 0.000237685, 0.000134503, 2.3271e-05, 2534, 2122, 1107
0.000421065, 0.000216496, 0.000203217, 3.1943e-05, 2501, 2100, 1107
0.000340204, 0.000200404, 0.00013935, 1.8926e-05, 2550, 2016, 984
0.000335948, 0.000191261, 0.000144267, 2.2741e-05, 2481, 1905, 1107
0.000307039, 0.000178383, 0.000128125, 2.4264e-05, 2476, 1743, 1230
0.000372258, 0.000189067, 0.000182689, 2.8397e-05, 2419, 1754, 1107
7.2269e-05, 4.3259e-05, 2.8579e-05, 1.4721e-05, 2443, 43, 615
6.3687e-05, 4.0946e-05, 2.179e-05, 9.201e-06, 2488, 37, 369
6.7242e-05, 4.2668e-05, 2.3823e-05, 1.1865e-05, 2488, 39, 369
5.7619e-05, 4.0045e-05, 1.6843e-05, 7.37e-06, 2484, 31, 246
6.8644e-05, 4.2868e-05, 2.5195e-05, 1.2668e-05, 2581, 31, 492
6.0082e-05, 4.356e-05, 1.6182e-05, 7.49e-06, 2639, 29, 246
5.9692e-05, 4.372e-05, 1.5561e-05, 7.4e-06, 2597, 24, 246
5.5826e-05, 4.0996e-05, 1.423e-05, 5.027e-06, 2618, 20, 123
4.9478e-05, 3.9514e-05, 9.593e-06, 3.755e-06, 2591, 17, 123
6.8063e-05, 6.4018e-05, 3.344e-06, 0, 2555, 12, 0
6.517e-05, 4.9247e-05, 1.4621e-05, 7.21e-06, 2481, 8, 123
4.7675e-05, 3.7712e-05, 9.553e-06, 4.896e-06, 2528, 9, 123
4.2549e-05, 3.9444e-05, 2.704e-06, 0, 2514, 15, 0
8.3094e-05, 4.6464e-05, 3.6119e-05, 1.9457e-05, 2542, 8, 369
6.2316e-05, 4.6854e-05, 1.4289e-05, 6.839e-06, 2483, 9, 123
4.35e-05, 3.7672e-05, 5.427e-06, 2.934e-06, 2501, 2, 123
4.0005e-05, 3.8172e-05, 7.51e-07, 0, 2619, 3, 0
4.6775e-05, 3.8212e-05, 8.041e-06, 3.625e-06, 2602, 5, 123
4.1648e-05, 4.0075e-05, 9.11e-07, 0, 2662, 4, 0
3.9804e-05, 3.8152e-05, 9.22e-07, 0, 2618, 2, 0
3.9645e-05, 3.8783e-05, 3.61e-07, 0, 2657, 2, 0
3.8964e-05, 3.7742e-05, 4.21e-07, 0, 2546, 2, 0
3.8873e-05, 3.7863e-05, 1.4e-07, 0, 2608, 0, 0
4.8277e-05, 3.9304e-05, 8.602e-06, 6.439e-06, 2575, 2, 123
3.8223e-05, 3.7562e-05, 1.31e-07, 0, 2609, 0, 0
3.8273e-05, 3.7301e-05, 4.41e-07, 0, 2515, 4, 0
4.3711e-05, 3.7031e-05, 6.129e-06, 4.005e-06, 2574, 2, 123
4.6475e-05, 3.8954e-05, 7.039e-06, 4.597e-06, 2595, 3, 123
3.9174e-05, 3.8032e-05, 4.91e-07, 0, 2594, 1, 0
4.6985e-05, 3.9374e-05, 6.86e-06, 4.095e-06, 2614, 2, 123
3.9354e-05, 3.7913e-05, 5.51e-07, 0, 2630, 1, 0
3.7361e-05, 3.617e-05, 5.41e-07, 0, 2480, 1, 0
3.7693e-05, 3.665e-05, 5e-07, 0, 2441, 2, 0
8.0812e-05, 7.918e-05, 6.61e-07, 0, 2458, 4, 0
3.8944e-05, 3.7772e-05, 5.91e-07, 0, 2573, 2, 0
3.8142e-05, 3.6611e-05, 9.01e-07, 0, 2581, 1, 0
4.4081e-05, 3.7302e-05, 6.459e-06, 3.374e-06, 2532, 4, 123
5.089e-05, 3.9185e-05, 1.1215e-05, 7.349e-06, 2561, 6, 246
5.6568e-05, 4.6103e-05, 8.112e-06, 4.556e-06, 2718, 3, 123
4.9238e-05, 4.5924e-05, 2.123e-06, 0, 2757, 4, 0
4.0186e-05, 3.9204e-05, 5.31e-07, 0, 2736, 4, 0
0.000304602, 0.000292275, 9.923e-06, 0, 2691, 3, 0
4.0526e-05, 3.9535e-05, 4.91e-07, 0, 2667, 4, 0
4.7366e-05, 3.7833e-05, 9.212e-06, 3.515e-06, 2558, 9, 123
4.6584e-05, 3.7622e-05, 8.482e-06, 5.468e-06, 2493, 7, 123
4.1618e-05, 3.611e-05, 5.097e-06, 3.094e-06, 2414, 8, 123
0.000124492, 9.9388e-05, 2.3473e-05, 1.5561e-05, 2400, 6, 246
7.6606e-05, 4.4843e-05, 3.0943e-05, 1.5572e-05, 2520, 11, 369
4.3119e-05, 4.0416e-05, 1.572e-06, 0, 2381, 7, 0
4.0847e-05, 3.3647e-05, 6.509e-06, 0, 2271, 11, 0
4.5223e-05, 3.7933e-05, 6.86e-06, 3.384e-06, 2455, 11, 123
5.5587e-05, 3.6701e-05, 1.8526e-05, 1.3048e-05, 2498, 12, 615
4.999e-05, 4.0436e-05, 8.742e-06, 4.907e-06, 2500, 10, 123
5.1542e-05, 4.1107e-05, 9.703e-06, 4.566e-06, 2467, 15, 123
7.6416e-05, 4.5183e-05, 3.0052e-05, 1.8986e-05, 2367, 14, 369
4.2369e-05, 3.581e-05, 5.818e-06, 0, 2407, 11, 0
5.5547e-05, 4.6835e-05, 8.201e-06, 3.936e-06, 2559, 13, 123
5.3955e-05, 4.6224e-05, 6.76e-06, 0, 2605, 9, 0
4.7075e-05, 4.4321e-05, 1.852e-06, 0, 2555, 11, 0
5.8972e-05, 3.9935e-05, 1.8195e-05, 1.0475e-05, 2495, 11, 246
5.9743e-05, 4.0046e-05, 1.9227e-05, 1.1507e-05, 2484, 22, 492
8.4297e-05, 4.4122e-05, 3.9465e-05, 1.8665e-05, 2437, 13, 492
0.000113158, 0.000103955, 7.831e-06, 0, 2377, 14, 0
6.2237e-05, 4.353e-05, 1.8306e-05, 1.0775e-05, 2708, 18, 369
4.8548e-05, 3.8333e-05, 9.744e-06, 3.335e-06, 2521, 18, 123
7.2862e-05, 4.3761e-05, 2.83e-05, 1.48e-05, 2513, 20, 369
5.8792e-05, 3.8063e-05, 2.0148e-05, 1.1144e-05, 2448, 21, 492
3.2235e-05, 3.0482e-05, 1.152e-06, 0, 2088, 10, 0
6.411e-05, 4.7526e-05, 1.6143e-05, 4.767e-06, 2883, 27, 123
5.5267e-05, 3.9605e-05, 1.5311e-05, 8.001e-06, 2438, 27, 246
6.7524e-05, 4.1998e-05, 2.4494e-05, 1.2367e-05, 2586, 26, 369
6.1366e-05, 3.9585e-05, 2.108e-05, 1.1828e-05, 2464, 22, 369
5.9062e-05, 3.9706e-05, 1.8305e-05, 1.1767e-05, 2410, 31, 492
0.00121127, 0.000250229, 0.000960479, 1.3217e-05, 2497, 2852, 615
0.000980728, 0.000243079, 0.000736958, 1.9488e-05, 2585, 3075, 615
0.000812833, 0.000271589, 0.000540804, 2.1489e-05, 2600, 3070, 984
0.000755664, 0.000278999, 0.000475964, 9.834e-06, 2609, 3159, 369
0.000768482, 0.000298897, 0.000469085, 1.8386e-05, 2570, 3324, 861
0.000833101, 0.000323811, 0.000508469, 1.8195e-05, 2613, 3532, 738
0.000805213, 0.000319785, 0.000484765, 2.6056e-05, 2593, 3441, 1107
0.0017994, 0.000811713, 0.000986176, 3.7043e-05, 2632, 3782, 861
0.000933584, 0.000340556, 0.000592086, 3.2707e-05, 2588, 3943, 861
0.000765699, 0.000331122, 0.000434056, 2.0419e-05, 2718, 4105, 984
0.00172676, 0.00082367, 0.000901488, 5.687e-05, 2647, 4308, 1353
0.00174715, 0.000804133, 0.000939232, 4.1919e-05, 2659, 4482, 1107
0.00178613, 0.000830049, 0.000954132, 5.0883e-05, 2598, 4513, 1230
0.000924311, 0.000400319, 0.00052312, 2.7059e-05, 2672, 4700, 1230
0.00184005, 0.000857047, 0.000981561, 5.719e-05, 2659, 4626, 1353
0.00211971, 0.00098729, 0.00113073, 3.2817e-05, 2685, 4748, 738
0.00194028, 0.000981332, 0.000957438, 4.5034e-05, 2762, 4839, 615
0.00143498, 0.000674312, 0.000759101, 2.1438e-05, 2637, 4618, 492
0.00166303, 0.000882484, 0.000779209, 6.8205e-05, 2614, 4768, 2091
0.00178054, 0.000838972, 0.000939293, 7.5197e-05, 2547, 4476, 1599
0.00163448, 0.000876526, 0.000756267, 1.7704e-05, 2636, 4650, 369
0.00178418, 0.000961935, 0.000820187, 2.5376e-05, 2591, 4710, 492
0.00164671, 0.000911164, 0.000733906, 2.6798e-05, 2704, 4843, 615
0.00156095, 0.000861965, 0.000697595, 3.5229e-05, 2590, 4537, 738
0.00165924, 0.000904254, 0.000753143, 5.1162e-05, 2651, 4892, 1230
0.001635, 0.000831654, 0.000801912, 3.9185e-05, 2518, 4619, 861
0.00080771, 0.000367605, 0.000439395, 3.0493e-05, 2628, 4918, 1353
0.000675395, 0.000326007, 0.000348417, 1.9167e-05, 2579, 4697, 861
0.00118738, 0.000572862, 0.000613569, 3.0854e-05, 2564, 4705, 615
0.000816382, 0.000409883, 0.000404646, 3.2196e-05, 2523, 4632, 1353
0.0015832, 0.000903905, 0.000677789, 4.3061e-05, 2543, 4593, 1107
0.00196654, 0.000874794, 0.00108953, 0.000111626, 2559, 4986, 2091
0.00220313, 0.00112513, 0.00107607, 8.9314e-05, 2578, 4849, 1968
0.00172286, 0.000883166, 0.000837522, 6.1665e-05, 2555, 4757, 1476
0.000835349, 0.000341648, 0.000492349, 5.0442e-05, 2522, 4696, 1476
0.00209878, 0.00106378, 0.00103267, 4.8707e-05, 2517, 4619, 984
0.00168756, 0.000873013, 0.000812868, 3.4689e-05, 2491, 4711, 738
0.00158537, 0.000832296, 0.000751312, 4.3301e-05, 2517, 4607, 984
0.00178678, 0.000821721, 0.000962708, 4.1468e-05, 2541, 4776, 615
0.00112327, 0.000529732, 0.000591348, 4.7307e-05, 2601, 4905, 1107
0.00157293, 0.000945675, 0.000623414, 3.0792e-05, 2580, 4709, 615
0.00162643, 0.000893582, 0.000729943, 1.6052e-05, 2565, 4598, 369
0.00108466, 0.000424645, 0.000658673, 2.5093e-05, 2540, 4530, 984
0.000720589, 0.000335901, 0.000383577, 2.3441e-05, 2473, 4507, 984
0.00112252, 0.000383977, 0.000737072, 1.5032e-05, 2607, 4830, 615
0.000869409, 0.000469508, 0.000398379, 2.9821e-05, 2547, 4723, 984
0.000760527, 0.000416174, 0.000343482, 1.4879e-05, 2577, 4791, 615
0.000773375, 0.00039919, 0.000373423, 1.8235e-05, 2623, 4957, 738
0.00072775, 0.000341138, 0.000385641, 2.1933e-05, 2606, 4793, 984
0.00190669, 0.000774206, 0.0011312, 5.0119e-05, 2638, 4895, 1353
0.00175393, 0.000821001, 0.000931286, 4.0876e-05, 2311, 4378, 861
0.000832708, 0.000375657, 0.00045591, 2.3783e-05, 2905, 5194, 984
0.00160252, 0.000854107, 0.000745805, 5.151e-05, 2579, 4826, 1107
0.00165212, 0.000882428, 0.000768057, 6.0784e-05, 2600, 4675, 1476
0.000814952, 0.000394623, 0.000419187, 2.832e-05, 2626, 4704, 615
0.00179265, 0.000985693, 0.000805079, 4.4303e-05, 2849, 5043, 984
0.000861228, 0.000407181, 0.000453356, 2.3464e-05, 2719, 4868, 984
0.00144761, 0.000801594, 0.000644113, 3.7544e-05, 2755, 4971, 861
0.00180526, 0.000974407, 0.000829093, 6.0965e-05, 2729, 4946, 1476
0.00168869, 0.000837095, 0.000849181, 4.969e-05, 2689, 4745, 1107
0.00190033, 0.00093362, 0.000964513, 3.9896e-05, 2612, 4841, 861
0.000889668, 0.000353586, 0.00053482, 1.9857e-05, 2544, 4907, 861
0.00170066, 0.000896898, 0.000802256, 4.3162e-05, 2619, 4998, 984
0.000998741, 0.000451874, 0.000546067, 2.9411e-05, 2599, 4883, 738
0.000865504, 0.000357181, 0.000506771, 1.3228e-05, 2644, 4951, 615
0.00162536, 0.000749502, 0.000874037, 2.7388e-05, 2650, 5044, 738
0.000743954, 0.000352084, 0.000390418, 2.6907e-05, 2658, 4963, 1230
0.000740229, 0.000367916, 0.00037048, 1.1386e-05, 2689, 5053, 615
0.00185944, 0.00100261, 0.00085528, 3.4027e-05, 2613, 4954, 861
0.000785222, 0.000376048, 0.000407993, 2.0198e-05, 2665, 4860, 615
0.000973157, 0.000480004, 0.00049175, 1.2297e-05, 2604, 4927, 492
0.00101283, 0.00040632, 0.000603297, 4.0988e-05, 2123, 3970, 861
0.00214, 0.00107385, 0.00106478, 7.71e-05, 3108, 5772, 1968
0.000953528, 0.000426349, 0.000526529, 3.468e-05, 2591, 5175, 861
0.00156856, 0.000869581, 0.00069764, 4.5245e-05, 2396, 4608, 1230
0.000907915, 0.000464793, 0.00044197, 8.452e-06, 2714, 5309, 246
0.00163707, 0.00085385, 0.000781428, 3.1614e-05, 2451, 4833, 738
0.00089022, 0.000494244, 0.000394855, 2.4743e-05, 2603, 5000, 984
0.000915265, 0.000489468, 0.000425097, 3.0314e-05, 2596, 5157, 1476
0.00168432, 0.000897611, 0.000784853, 2.839e-05, 2584, 4957, 615
0.000840641, 0.000418378, 0.000421722, 4.178e-05, 2578, 4877, 1107
0.000765395, 0.000404228, 0.000359976, 1.5821e-05, 2578, 4925, 615
0.000751566, 0.000358383, 0.000392331, 1.0505e-05, 2544, 5036, 369
0.00151835, 0.000749803, 0.000767047, 1.2257e-05, 2541, 4990, 246
0.00187177, 0.000975891, 0.000892274, 5.3486e-05, 2523, 4928, 1107
0.000898783, 0.000516085, 0.000382127, 9.133e-06, 2536, 4856, 246
0.00149504, 0.000806974, 0.000686144, 1.6723e-05, 2465, 4887, 369
0.000812011, 0.00035619, 0.00045518, 3.9003e-05, 2494, 4909, 1230
0.00184743, 0.000894597, 0.000950606, 4.195e-05, 2435, 4873, 861
0.000737437, 0.000368327, 0.000368558, 2.0219e-05, 2581, 4835, 861
0.0015593, 0.000888849, 0.00066848, 4.201e-05, 2532, 5026, 1107
0.000810219, 0.000453237, 0.000356411, 1.7195e-05, 2557, 4866, 738
0.0016923, 0.000952969, 0.000736525, 5.4947e-05, 2603, 4899, 1353
0.00109724, 0.000416535, 0.000680186, 4.6775e-05, 2590, 4835, 738
0.00160872, 0.000892895, 0.000714284, 5.0682e-05, 2603, 4895, 1230
0.000779176, 0.000360697, 0.000417887, 1.9919e-05, 2604, 4925, 492
0.00113786, 0.00078193, 0.000353367, 1.9595e-05, 2565, 4788, 861
0.000918401, 0.00043429, 0.00048325, 2.7749e-05, 2649, 5085, 615
0.000777663, 0.000370381, 0.000406812, 1.3718e-05, 2600, 4885, 492
0.00185331, 0.000911321, 0.00093941, 4.1058e-05, 2566, 4914, 738
0.00083169, 0.000387835, 0.000443314, 2.0628e-05, 2501, 4992, 738
0.000849555, 0.000426079, 0.000422885, 1.9338e-05, 2549, 4904, 369
0.00114322, 0.000820593, 0.00032045, 2.036e-05, 2615, 4843, 861
0.000831429, 0.000385562, 0.000445356, 3.9239e-05, 2591, 4871, 1476
0.00141832, 0.000869272, 0.00054768, 4.0517e-05, 2580, 4797, 861
0.00155486, 0.000858508, 0.000694317, 2.285e-05, 2532, 4741, 615
0.00103115, 0.000499453, 0.000530536, 2.2663e-05, 2793, 5254, 492
0.000877665, 0.000406892, 0.000470061, 1.9238e-05, 2690, 4853, 738
0.00082482, 0.000358163, 0.000465865, 2.8349e-05, 2636, 4928, 861
0.000757906, 0.000393443, 0.000363942, 1.7244e-05, 2644, 4849, 369
0.00080299, 0.000356321, 0.000446288, 2.3913e-05, 2513, 4637, 861
0.000968943, 0.000556493, 0.000412, 2.086e-05, 2678, 4944, 738
0.000871966, 0.000355149, 0.000516156, 1.332e-05, 2634, 4918, 369
0.00145652, 0.000821957, 0.00063293, 2.6227e-05, 2675, 5077, 738
0.000956475, 0.000512271, 0.000443244, 2.2032e-05, 2680, 5107, 738
0.000829728, 0.000407453, 0.000421683, 2.8348e-05, 2641, 4937, 861
0.000834764, 0.00042621, 0.000408114, 3.3826e-05, 2643, 4894, 1353
0.00076028, 0.000366766, 0.000392873, 1.2727e-05, 2671, 4946, 492
0.000894538, 0.000388217, 0.000505701, 1.4769e-05, 2669, 5032, 615
0.00135828, 0.000906655, 0.000449172, 1.8636e-05, 2672, 5059, 861
0.00091002, 0.000388096, 0.000521434, 1.7936e-05, 2637, 5077, 246
0.000687687, 0.000335181, 0.000351234, 1.7174e-05, 2477, 4828, 615
0.000826934, 0.000421072, 0.000405431, 1.1256e-05, 2773, 5098, 369
0.000933673, 0.000407664, 0.000525469, 1.6462e-05, 2688, 5224, 369
0.00107683, 0.000733722, 0.00034136, 6.83e-06, 2768, 4963, 246
0.00076021, 0.000389678, 0.000369871, 1.3679e-05, 2766, 5024, 615
0.00120975, 0.000587397, 0.000621425, 3.3116e-05, 2780, 5320, 615
0.000860962, 0.00041966, 0.000440911, 2.6568e-05, 2728, 5248, 861
0.000865579, 0.000432779, 0.000432378, 2.2009e-05, 2674, 5245, 738
0.000906936, 0.000372074, 0.000534482, 2.1954e-05, 2561, 5040, 861
0.00111188, 0.000562221, 0.000548873, 3.7693e-05, 2668, 4993, 1353
0.000847122, 0.000391481, 0.000454179, 1.4981e-05, 2611, 5048, 246
0.00107425, 0.000509457, 0.000563412, 1.2749e-05, 2582, 5110, 369
0.000851969, 0.000417407, 0.000434011, 1.9157e-05, 2606, 5092, 738
0.0008099, 0.000396919, 0.0004123, 1.5001e-05, 2480, 4830, 492
0.000891555, 0.000419952, 0.000471243, 2.1801e-05, 2653, 5131, 738
0.000791233, 0.000394225, 0.000396358, 2.0218e-05, 2606, 4841, 861
0.000790312, 0.000449824, 0.000339698, 1.0725e-05, 2622, 4872, 369
0.000832131, 0.000380816, 0.000451005, 2.2951e-05, 2616, 4926, 738
0.000819804, 0.000367497, 0.000451625, 3.544e-05, 2737, 5064, 1230
0.000690903, 0.000360328, 0.000329984, 3.435e-06, 2000, 4204, 123
0.000946452, 0.000497621, 0.000448391, 2.3475e-05, 3371, 5583, 984
0.000840053, 0.000401786, 0.000437796, 2.2352e-05, 2726, 5065, 861
0.000785185, 0.000401816, 0.000382999, 1.7346e-05, 2709, 5108, 615
0.000839642, 0.000389569, 0.000449173, 2.1391e-05, 2661, 4908, 492
0.000783053, 0.000393905, 0.000388347, 1.7044e-05, 2526, 4761, 738
0.000734394, 0.000398351, 0.000335212, 2.9553e-05, 2544, 4678, 1230
0.000807287, 0.000380375, 0.00042627, 2.08e-05, 2545, 4429, 615
0.000793918, 0.000360688, 0.000432629, 1.9076e-05, 2550, 4638, 738
0.00098014, 0.000477442, 0.000501636, 2.9643e-05, 2510, 4557, 1722
0.000776133, 0.000361018, 0.000414144, 1.391e-05, 2504, 4667, 615
0.00073178, 0.000364063, 0.000367247, 1.2618e-05, 2480, 4553, 369
0.00108451, 0.000382168, 0.000701818, 4.1872e-05, 2519, 4694, 738
0.000835607, 0.000375889, 0.000458696, 1.7494e-05, 2555, 4642, 492
0.000795521, 0.000373637, 0.000421023, 4.0007e-05, 2533, 4592, 1230
0.000800868, 0.000387446, 0.000412681, 1.7476e-05, 2595, 4780, 615
0.000769144, 0.000361229, 0.000407244, 2.4893e-05, 2600, 4694, 738
0.000792406, 0.000374367, 0.000416566, 1.498e-05, 2449, 4558, 615
0.00102539, 0.000508546, 0.000515836, 2.8129e-05, 2520, 4541, 984
0.000865929, 0.0003836, 0.000481358, 2.9481e-05, 2567, 4763, 984
0.000915419, 0.000470302, 0.000443795, 2.0329e-05, 2540, 4626, 984
0.000748915, 0.000370392, 0.000378043, 2.1278e-05, 2569, 4540, 738
0.000890794, 0.000388827, 0.000501326, 3.3569e-05, 2666, 4725, 984
0.000817391, 0.000370772, 0.000445758, 2.0659e-05, 2648, 4878, 861
0.000779168, 0.000374608, 0.000403589, 2.862e-05, 2684, 5060, 1107
0.000906327, 0.000392734, 0.000512532, 2.3434e-05, 2730, 4888, 738
0.00082339, 0.000381197, 0.000441572, 3.555e-06, 2715, 5007, 123
0.000867352, 0.000416477, 0.000450023, 2.5165e-05, 2706, 4906, 861
0.000772297, 0.000403699, 0.000368038, 1.6103e-05, 2657, 4867, 738
0.000814967, 0.000377512, 0.000436965, 1.1366e-05, 2639, 4765, 369
0.00077379, 0.000395988, 0.000377421, 2.2091e-05, 2595, 4613, 861
0.000755524, 0.000349172, 0.000405161, 2.5545e-05, 2508, 4438, 984
0.00102467, 0.000388387, 0.000635826, 3.9835e-05, 2527, 4565, 984
0.000780169, 0.000391481, 0.000388017, 1.5702e-05, 2550, 4681, 369
0.000762535, 0.000398772, 0.000362661, 6.79e-06, 2626, 4590, 246
0.000879459, 0.000381778, 0.00049712, 2.0229e-05, 2624, 5016, 615
0.000822819, 0.000362901, 0.000459127, 2.5055e-05, 2591, 4819, 738
0.000865569, 0.000377902, 0.000486676, 2.057e-05, 2520, 4409, 615
0.000811874, 0.000381527, 0.000429996, 1.9847e-05, 2531, 4629, 738
0.000809981, 0.000389169, 0.000420432, 1.7435e-05, 2573, 4793, 615
0.000774791, 0.000372344, 0.000401986, 3.0631e-05, 2471, 4483, 1107
0.00078095, 0.000377752, 0.000402517, 1.7475e-05, 2443, 4496, 738
0.000873881, 0.000374318, 0.000498602, 2.4403e-05, 2535, 4757, 738
0.000725151, 0.000377903, 0.000346558, 9.333e-06, 2490, 4479, 369
0.000889353, 0.000357734, 0.000530938, 2.097e-05, 2473, 4598, 615
0.000830159, 0.00042556, 0.000403949, 2.6928e-05, 2538, 4813, 984
0.000888803, 0.000361108, 0.000527222, 2.0157e-05, 2589, 4935, 861
0.000818784, 0.000372585, 0.000445378, 1.5502e-05, 2580, 4876, 369
0.000744409, 0.00035482, 0.000388768, 2.6009e-05, 2615, 4867, 1230
0.000885007, 0.000450024, 0.000434593, 2.0559e-05, 2615, 4873, 861
0.000906778, 0.000412901, 0.000492694, 2.2332e-05, 2579, 4944, 492
0.000820706, 0.000416086, 0.00040423, 2.2803e-05, 2483, 4718, 861
0.000790243, 0.000358856, 0.000430917, 3.1395e-05, 2579, 4447, 1107
0.000908339, 0.000479566, 0.000428403, 5.2444e-05, 2626, 4635, 1476
0.000865359, 0.000438328, 0.000426311, 2.1942e-05, 2540, 4700, 615
0.00107267, 0.000576192, 0.000495218, 3.1144e-05, 2576, 4759, 738
0.000888963, 0.000396869, 0.000491273, 1.485e-05, 2613, 4995, 369
0.00111517, 0.000519282, 0.000595319, 3.2746e-05, 2578, 4859, 615
0.000865941, 0.000384762, 0.000480537, 1.6724e-05, 2660, 4621, 738
0.000768513, 0.000359957, 0.000407955, 2.2341e-05, 2680, 5051, 738
0.000978409, 0.000494146, 0.000483892, 1.1857e-05, 2708, 4877, 246
0.00079541, 0.000422415, 0.000370502, 1.0764e-05, 2618, 4923, 492
0.000744208, 0.000372455, 0.000370502, 1.7434e-05, 2602, 4967, 738
0.00122323, 0.000579096, 0.000642395, 4.5824e-05, 2613, 4926, 984
0.000946023, 0.000452908, 0.000492354, 2.4955e-05, 2823, 5241, 984
0.000833174, 0.000382278, 0.000449374, 1.3428e-05, 2685, 4853, 492
0.000847124, 0.00046135, 0.000385323, 2.3606e-05, 2682, 4989, 984
0.000879269, 0.000434071, 0.000444407, 1.6484e-05, 2698, 5124, 492
0.000856346, 0.000381257, 0.000474619, 2.5385e-05, 2691, 5051, 861
0.000880521, 0.000384963, 0.000495188, 3.542e-05, 2642, 5022, 1107
0.000841095, 0.000408886, 0.000431608, 1.9096e-05, 2652, 4973, 492
0.000869225, 0.000430917, 0.000437257, 2.1641e-05, 2595, 4881, 615
0.000872049, 0.00043235, 0.000439379, 6.709e-06, 2789, 4928, 246
0.00088709, 0.000399573, 0.000486486, 3.0293e-05, 2584, 4896, 984
0.000852912, 0.000373847, 0.000478614, 1.7574e-05, 2628, 4897, 492
0.00100926, 0.000499083, 0.000508557, 2.0248e-05, 2658, 4958, 615
0.000848817, 0.000378854, 0.000468981, 2.5086e-05, 2567, 5033, 492
0.000949859, 0.000428955, 0.000520263, 2.107e-05, 2733, 5049, 738
0.000881643, 0.000419081, 0.000461431, 2.3543e-05, 2581, 4804, 738
0.00118686, 0.000519422, 0.000666179, 1.8436e-05, 2577, 5057, 615
0.000767552, 0.000375539, 0.000391522, 8.731e-06, 2635, 5058, 369
0.0010975, 0.000434663, 0.000661743, 3.1464e-05, 2561, 4953, 861
0.000933916, 0.000473968, 0.000459317, 2.2953e-05, 2609, 4886, 984
0.000991677, 0.000480828, 0.000510039, 1.8306e-05, 2605, 4773, 492
0.00090817, 0.000443555, 0.000463734, 1.7325e-05, 2510, 4738, 492
0.00131175, 0.000460959, 0.000850248, 3.6452e-05, 2562, 4894, 615
0.000861784, 0.000399473, 0.000461841, 1.9856e-05, 2545, 4735, 738
0.000882263, 0.000370222, 0.000511481, 1.9279e-05, 2587, 4791, 984
0.000933446, 0.000438268, 0.000494006, 2.1159e-05, 2595, 4788, 492
0.000807888, 0.000381127, 0.000426431, 1.5491e-05, 2496, 4898, 738
0.000780821, 0.000365575, 0.000414685, 9.574e-06, 2504, 4984, 369
0.000852161, 0.00046133, 0.000389749, 1.0514e-05, 2466, 4790, 369
0.000795061, 0.000430817, 0.000363392, 2.1611e-05, 2470, 4776, 861
0.00137412, 0.000798906, 0.0005744, 1.419e-05, 2401, 4736, 369
0.000747854, 0.000354199, 0.000393155, 4.847e-06, 2412, 4616, 123
0.000794289, 0.000359507, 0.000434252, 6.99e-06, 2361, 4505, 123
0.000830781, 0.000398011, 0.0004324, 1.1435e-05, 2353, 4514, 492
0.000851491, 0.000375029, 0.00047581, 2.2401e-05, 2412, 4594, 615
0.000784897, 0.000348171, 0.000435664, 1.386e-05, 2446, 4685, 492
0.000976487, 0.000457344, 0.000518031, 1.8816e-05, 2456, 4784, 492
0.000869976, 0.000409057, 0.000460099, 1.3129e-05, 2504, 4869, 492
0.000954295, 0.000435044, 0.000518381, 2.6286e-05, 2431, 4942, 738
0.000823641, 0.000461841, 0.000361179, 7.832e-06, 2484, 4967, 246
0.000830301, 0.000365775, 0.000464235, 1.1916e-05, 2410, 4744, 369
0.000810242, 0.000408606, 0.000401146, 1.0224e-05, 2465, 4959, 246
0.000847745, 0.000362081, 0.000485344, 1.2106e-05, 2462, 4882, 369
0.000720556, 0.000364163, 0.000355982, 2.3313e-05, 2449, 4806, 1107
0.00113288, 0.000442263, 0.000689803, 2.2932e-05, 2502, 4888, 369
0.000792357, 0.000356713, 0.000435003, 1.0896e-05, 2185, 4469, 246
0.000992429, 0.000492124, 0.000499294, 1.348e-05, 2859, 5506, 369
0.000906608, 0.000374267, 0.00053189, 2.4123e-05, 2524, 5122, 861
0.000925334, 0.000369601, 0.000555213, 1.2367e-05, 2498, 5099, 369
0.00107529, 0.000435595, 0.000639281, 2.1069e-05, 2498, 5065, 369
0.0011263, 0.000455392, 0.000670225, 1.9767e-05, 2547, 5034, 492
0.000934147, 0.000400114, 0.000533552, 1.2137e-05, 2432, 4930, 369
0.000991508, 0.000403839, 0.000586917, 2.3002e-05, 2387, 4754, 738
0.000945223, 0.000389449, 0.000554812, 1.6113e-05, 2475, 4924, 615
0.00110287, 0.000403789, 0.000697243, 4.6275e-05, 2238, 4530, 1968
0.00101075, 0.000448402, 0.000561702, 4.6166e-05, 2721, 5261, 2706
0.000944491, 0.000417879, 0.000525691, 5.0761e-05, 2517, 5073, 2583
0.000961456, 0.000409197, 0.000551097, 3.3115e-05, 2537, 5209, 1230
0.000885318, 0.000396219, 0.000488659, 5.9465e-05, 2495, 4876, 2583
0.000981173, 0.000396139, 0.000583863, 6.8975e-05, 2531, 5003, 2829
0.001039, 0.000426602, 0.000610691, 5.0454e-05, 2435, 4774, 2214
0.000911966, 0.000413282, 0.000497722, 5.7711e-05, 2501, 4918, 2583
0.000879811, 0.00041898, 0.000459749, 4.2488e-05, 2490, 4954, 1968
0.00089396, 0.000452468, 0.000440902, 5.2627e-05, 2557, 4865, 3321
0.000857279, 0.000395057, 0.00046094, 5.2714e-05, 2522, 4798, 2337
0.000954586, 0.000414224, 0.000539531, 7.0972e-05, 2566, 5060, 3567
0.0010029, 0.000476211, 0.000525772, 5.2892e-05, 2703, 5096, 3198
0.00104576, 0.000413954, 0.0006311, 5.6193e-05, 2640, 4962, 2829
0.00102482, 0.000404701, 0.000619393, 6.9475e-05, 2702, 4977, 3321
0.0010248, 0.000465477, 0.000558848, 8.1965e-05, 2752, 5078, 3813
0.000994191, 0.000427063, 0.000566518, 6.2798e-05, 2720, 4992, 3813
0.00115673, 0.000403158, 0.000753191, 6.1471e-05, 2846, 5213, 2583
0.000830721, 0.00039736, 0.00043282, 6.8857e-05, 2783, 4910, 3075
0.000927357, 0.000431108, 0.000495759, 5.8544e-05, 2793, 5114, 3321
0.000916682, 0.000452288, 0.000464074, 5.5536e-05, 2732, 4979, 2583
0.000796303, 0.000408976, 0.000386606, 4.8514e-05, 2835, 5057, 2460
0.000834587, 0.000415926, 0.00041818, 5.4177e-05, 2799, 5100, 2460
0.000911335, 0.000392493, 0.000518361, 5.4149e-05, 2844, 5002, 3321
0.000904616, 0.000423417, 0.000480768, 5.8825e-05, 2916, 5182, 3567
0.00120421, 0.000485805, 0.000717512, 6.7627e-05, 2969, 5598, 2706
0.000941107, 0.000434903, 0.000505803, 5.2642e-05, 3058, 5585, 3075
0.000897215, 0.000435724, 0.00046086, 6.429e-05, 3007, 5489, 3567
0.00290748, 0.00122777, 0.00167631, 0.000225989, 3028, 5317, 4797
0.00114868, 0.000558477, 0.00058899, 5.3498e-05, 3078, 5200, 3444
0.000935159, 0.000415015, 0.000519582, 5.1674e-05, 3044, 5324, 1599
0.000953044, 0.000434803, 0.000517469, 6.4116e-05, 2919, 4925, 3321
0.000901131, 0.000402948, 0.000497621, 7.3353e-05, 3005, 5014, 4305
0.00109931, 0.000437526, 0.000660862, 8.7626e-05, 3055, 5313, 4182
0.00106149, 0.000453059, 0.000607987, 7.062e-05, 3078, 5234, 3936
0.000968986, 0.000391713, 0.000576483, 7.9119e-05, 3012, 5273, 3690
0.000931473, 0.000416327, 0.000513984, 6.826e-05, 3017, 5208, 3321
0.000919416, 0.000408897, 0.000509979, 7.8007e-05, 3069, 5342, 4551
0.000839583, 0.000440231, 0.000398752, 6.3237e-05, 3063, 5329, 2829
0.000777566, 0.000426191, 0.000350975, 3.0284e-05, 2945, 5175, 1476
0.000674551, 0.000319531, 0.000354439, 4.8357e-05, 2608, 4302, 2952
0.00102999, 0.000563655, 0.000464275, 3.8564e-05, 3082, 5247, 2091
0.000981714, 0.000398822, 0.000582502, 5.8242e-05, 2833, 4910, 2214
0.000799227, 0.000386284, 0.000412632, 4.6436e-05, 2829, 4919, 1476
0.000785748, 0.000357334, 0.000428014, 3.7564e-05, 2880, 5101, 1845
0.000779359, 0.000360748, 0.000418049, 3.7002e-05, 2857, 4751, 1845
0.000845272, 0.000373657, 0.000470193, 4.2431e-05, 2892, 5064, 1845
0.00107952, 0.000518581, 0.00056011, 5.0843e-05, 2917, 5218, 2091
0.00090066, 0.000429856, 0.000470073, 4.3843e-05, 2973, 5321, 2214
0.000879741, 0.000420042, 0.000458917, 7.1341e-05, 2927, 5163, 2829
0.000873661, 0.00039703, 0.000476091, 5.3405e-05, 2883, 5260, 1968
0.000798876, 0.00040472, 0.000392764, 5.1105e-05, 2727, 5162, 1968
0.000839254, 0.000414995, 0.000423047, 2.9981e-05, 2708, 5227, 1476
0.00110236, 0.000504392, 0.000596451, 8.4562e-05, 2645, 4837, 2214
0.00079437, 0.00043923, 0.00035458, 4.3354e-05, 2775, 5160, 1599
0.00166169, 0.000960054, 0.000699977, 7.2693e-05, 2754, 5216, 1845
0.00136946, 0.000754815, 0.000613104, 9.2029e-05, 2796, 5263, 2829
0.000849779, 0.000405171, 0.000444127, 6.5592e-05, 2863, 5229, 2460
0.00102659, 0.000417929, 0.000608158, 0.000104099, 2874, 5410, 2952
0.000813437, 0.00040421, 0.000408816, 5.9701e-05, 2814, 5401, 3075
0.000834356, 0.000415626, 0.00041807, 5.1973e-05, 2804, 5176, 2583
0.00103899, 0.000547983, 0.000490222, 4.1416e-05, 2866, 5573, 1722
0.00109022, 0.000609269, 0.000479145, 5.6769e-05, 2757, 5270, 1968
0.000985249, 0.000525901, 0.000457816, 4.0095e-05, 2707, 5256, 1845
0.000959263, 0.000579296, 0.000378534, 3.4467e-05, 2698, 5157, 1722
0.00116098, 0.000590863, 0.000568372, 8.6365e-05, 2777, 5248, 2829
0.000862797, 0.000457495, 0.00040444, 4.1678e-05, 2750, 5208, 2706
0.000860894, 0.000455252, 0.000404931, 6.3651e-05, 2687, 5092, 2460
0.000909492, 0.000440881, 0.000467489, 7.3155e-05, 2765, 5209, 2706
0.00118007, 0.000523108, 0.000656115, 9.7798e-05, 2873, 5496, 2706
0.000994622, 0.000515567, 0.000478545, 7.9935e-05, 2840, 5629, 3075
0.000920799, 0.000439049, 0.000480457, 5.3474e-05, 2758, 5305, 3444
0.000867523, 0.000486957, 0.000379806, 4.952e-05, 2814, 5140, 2952
0.000837651, 0.000405422, 0.000431619, 4.9419e-05, 2812, 5337, 2460
0.000788812, 0.000393955, 0.000394126, 4.2098e-05, 2755, 5163, 1968
0.000831032, 0.000391272, 0.000438979, 5.1512e-05, 2734, 5192, 2091
0.000905257, 0.000554472, 0.000349713, 2.6838e-05, 2791, 5168, 1353
0.000782803, 0.000370462, 0.00041172, 5.0481e-05, 2758, 5149, 2706
0.00079447, 0.000440441, 0.000353509, 4.0678e-05, 2751, 5135, 2091
0.00107982, 0.000566159, 0.000512493, 5.8129e-05, 2765, 5168, 2583
0.000848376, 0.000470013, 0.000377763, 5.0344e-05, 2780, 5343, 2583
0.000832694, 0.000398502, 0.000433672, 7.0387e-05, 2754, 4981, 3444
0.000921259, 0.00049695, 0.000423457, 5.7611e-05, 2743, 5128, 3075
0.00124835, 0.000498724, 0.000747394, 7.4234e-05, 2718, 4937, 2214
0.000866582, 0.000483552, 0.00038261, 5.6139e-05, 2740, 4948, 2214
0.000849057, 0.00044649, 0.000401827, 5.2848e-05, 2713, 4971, 2952
0.000754473, 0.000373647, 0.000380396, 5.9535e-05, 2552, 4679, 2460
0.000783515, 0.000398552, 0.000384302, 7.4855e-05, 2637, 4882, 2952
0.000852732, 0.000381177, 0.000471024, 5.7019e-05, 2649, 4932, 3075
0.000822049, 0.000385894, 0.000435785, 5.6961e-05, 2673, 5017, 2829
0.00106143, 0.000438889, 0.000622057, 6.477e-05, 2562, 4868, 2706
0.000837711, 0.000375429, 0.00046126, 7.7112e-05, 2763, 5022, 2829
0.000877177, 0.00041115, 0.000464595, 5.5798e-05, 2626, 4709, 2583
0.000964611, 0.0003977, 0.000565597, 7.726e-05, 2557, 4897, 3813
0.000802892, 0.00039709, 0.000404961, 5.5487e-05, 2607, 4745, 2952
0.000802721, 0.000363052, 0.000438969, 7.2652e-05, 2579, 4658, 2829
0.000843259, 0.000361329, 0.000481318, 6.979e-05, 2621, 4901, 3690
0.000825224, 0.000370042, 0.000454761, 5.511e-05, 2686, 4997, 3567
0.000895403, 0.000400805, 0.000493776, 8.4098e-05, 2784, 5254, 4182
0.0014886, 0.000514286, 0.000973553, 0.000119828, 2714, 5219, 2460
0.000804134, 0.000379876, 0.000423517, 6.4292e-05, 2621, 5052, 2214
0.000756096, 0.000376641, 0.000378304, 3.6601e-05, 2551, 4721, 1353
0.000880401, 0.000457315, 0.000419682, 3.9776e-05, 2408, 4702, 1845
0.000752121, 0.000430217, 0.000320722, 5.0169e-05, 2734, 4958, 2706
0.000848686, 0.00049601, 0.000350384, 3.3174e-05, 2520, 4863, 1722
0.000992329, 0.000453079, 0.000537888, 7.4744e-05, 2534, 4846, 3198
0.000759541, 0.00035465, 0.000404, 3.9535e-05, 2484, 4826, 2091
0.00113183, 0.000399864, 0.000731021, 7.1673e-05, 2512, 4630, 2460
0.000760122, 0.000378584, 0.000381017, 4.5957e-05, 2547, 4760, 2337
0.000750829, 0.000371523, 0.000378654, 4.1198e-05, 2558, 5030, 2091
0.000740735, 0.000379204, 0.000360938, 5.5454e-05, 2586, 4825, 1845
0.00101175, 0.000527153, 0.000483402, 5.9776e-05, 2438, 4675, 1722
0.000814549, 0.000440401, 0.000373556, 5.0069e-05, 2523, 4909, 1968
0.000787971, 0.000382279, 0.000405131, 6.5704e-05, 2476, 4717, 2829
0.00091468, 0.000451236, 0.000462813, 6.4921e-05, 2517, 4980, 3075
0.00124036, 0.000717962, 0.000521145, 5.3405e-05, 2591, 5091, 1722
0.000857128, 0.00040436, 0.000451366, 7.4707e-05, 2576, 5279, 2829
0.00080784, 0.000452758, 0.000351365, 4.8977e-05, 2619, 5024, 2460
0.00074463, 0.000402007, 0.000342003, 5.0501e-05, 2605, 5040, 3075
0.000850369, 0.000433101, 0.000416748, 3.4418e-05, 2565, 5064, 1353
0.000820697, 0.000440692, 0.000379035, 5.0263e-05, 2632, 5138, 1845
0.000770657, 0.000396339, 0.000373167, 5.9875e-05, 2640, 4952, 1599
0.000943481, 0.00040471, 0.000538088, 5.0562e-05, 2694, 4868, 1230
0.000767392, 0.000379666, 0.000387086, 7.2258e-05, 2607, 4933, 2829
0.000779669, 0.000414454, 0.000364774, 5.0874e-05, 2661, 5003, 1722
0.000746523, 0.000359137, 0.000386966, 5.8863e-05, 2616, 4820, 1968
0.000797414, 0.000384653, 0.000412021, 3.5761e-05, 2631, 4934, 1968
0.000833405, 0.000457945, 0.000374858, 3.7171e-05, 2646, 5290, 2214
